sample_id,sensor_1,sensor_2,sensor_3,sensor_4,sensor_5,sensor_6,sensor_7,sensor_8,sensor_9,sensor_10
obs_000,0.6643931745505197,-0.8529741199888727,-0.06712858259463717,1.3611322260473626,-1.2173282114201496,1.072317514733691,-2.150136039334652,-0.6643300086664206,-1.19482951046005,2.0312567604467775
obs_001,2.331847666494087,0.8053860277223912,-1.1815861983066593,3.93199950846587,-2.1795775532892474,-2.9137034861598914,-2.658965992108514,-3.9450904229210213,-2.138722847577587,1.0992682320765095
obs_002,-0.39648860212597076,0.08282573255495834,-0.005539224894171968,-0.055568719438765346,-0.6738519861014333,0.41392977354293614,-0.6737996018369374,0.5595385695988825,-0.4191012306370526,0.6191433500990194
obs_003,-0.5940321033513276,-0.36027094050980224,0.3061480053231386,-2.390361879018649,1.2556118438698558,0.17842891694430718,1.221044267387081,1.5798836915390753,1.328437865504291,-0.6631519615217044
obs_004,-1.0834211352044059,0.0065181252126705475,0.7615273049978954,-0.6168902588174565,0.5943937409602664,1.904132654809416,1.9666992255633122,0.5409713465315837,0.8662049470356777,-1.9782569581313334
obs_005,-0.12188672296692013,0.27735331508005057,0.3090366334888767,-0.7520325646340369,1.207845033853938,-2.895558946712107,0.324382664697776,1.0281900238103296,0.5443551530477663,-0.0344527241316081
obs_006,0.7868480912304973,0.8222520711090127,0.5384488057588037,2.0578465160149917,-0.6090527604413941,1.5452246876373377,0.06836495327425263,-1.1762503735503949,0.0885939889499763,-0.5360226302154208
obs_007,-1.1589923200080272,0.2578212280883293,0.5954068809838314,-1.500259956212806,1.6576966418260686,-0.14258432922800843,2.203699615344496,1.3029083039108809,1.9576293791337205,-1.4266695677817665
obs_008,-0.5653471544109713,-0.06832807282737585,-0.269318249332228,-1.427442530409099,-0.5876545488748622,-0.6965994316578046,-0.4786855545579659,0.471282699146581,-0.7684293799756305,1.4114616558020807
obs_009,-0.16887430737531903,-0.0457588828042802,0.3907212516357239,0.3238987175708582,-0.7346133383051612,1.8957701059688399,-0.43477688873503895,-0.05547750992479494,0.48636349434580173,-0.7187424827457246
obs_010,1.7780062461316612,0.5834996426773799,-0.8027837698999092,4.141171163074337,-1.8598992691742153,2.977316641736258,-0.5851370658468847,-3.3851514083959704,0.036874931666878885,-1.3083762610628695
obs_011,-1.521011027196128,-0.42815790197020676,0.8762410433775756,-2.280118261894557,0.6220397183967743,0.8176273795564313,0.6615083136772029,2.0495067676311667,0.13846967771542473,-0.0222310329752608
obs_012,0.35259393168260567,0.28794634083085074,-0.5044155744818357,1.7909394036345576,-1.1726081141523887,-2.1702653853561333,-0.9811631334598541,-0.47597255121394844,-0.9146197569711271,1.818266929092393
obs_013,-0.5393613972121917,0.47251948501182695,0.1991832619492665,0.7134009883288922,-0.018906872868684782,3.1989481811800777,0.39990414389812046,-0.030566414481180776,1.5107555573450686,-2.0879271184501036
obs_014,-0.5497217073312849,-0.5230883581405834,0.14930398573576703,-1.9052541620363592,0.25878292274728004,-0.792082382546116,0.9912819212402928,2.1447441933819116,0.008266685094210802,0.8625577057008658
obs_015,-0.5434620446211438,0.11405588049970553,0.6516023818812197,-0.29784387391188677,0.7313897221926142,1.7167619468916477,0.6051429422584242,-0.34285081671739587,1.4127851964685074,-1.968095310114398
obs_016,-0.11658448656123943,-0.1508098993409059,0.28988842484083344,0.9431851993719758,-0.6661585827526374,2.5116781210078174,0.5266203834957042,-0.5137484712699307,0.4619204310746956,-0.33910589233365096
obs_017,1.8950984936772497,0.008997529336708082,-0.70142263897564,2.2997953875013613,-2.2174145782788663,-0.7074150599681959,-2.723298737965539,-2.0277205486202825,-1.3469128281937834,2.3730801584434147
obs_018,0.9794086760118683,-0.1720139690550725,-0.7792997823267239,-0.28853754088129424,-0.251632345258387,-2.1948843320791704,-0.311415308159277,0.004083196727138472,-0.6992317656626411,1.2915539799172868
obs_019,1.1057647147672358,-1.0287117971095332,-0.8859396435616727,2.2654180657170793,-2.0196470529171098,3.792225759348626,-1.036401046972336,-2.0061594965579204,-1.398433141532038,-0.7461384548478908
obs_020,-0.8134718174934668,-0.551881294168265,-0.19286631121449482,-2.0048292753703034,0.6234090915267636,-3.0331381013998335,-0.10456474879407437,2.0539968508847464,-0.6475785388905755,2.4548728227450782
obs_021,0.12908495933799313,-1.2731809112222634,-0.39732012196217076,-0.18204527366347611,0.21150717326887056,3.8003030879191853,0.9439711841049709,-0.19750004507047617,1.2340424060461128,-1.4964477147233268
obs_022,0.012547377082009592,-0.5781384942678807,0.005893536931761562,-0.9810942068127328,-0.10298188785911067,0.40545248524107025,-0.7305426467339294,1.144757671063995,-1.8343967545839548,0.742790716946515
obs_023,0.7699062012056426,0.3111528941209295,-0.9175024978904619,0.5345325720918915,-1.3463469190070576,-4.348142164295246,-0.6138335837555128,-0.17931543721994891,-1.6541551843577516,2.373960975681666
obs_024,-1.2370060990034497,-0.7836394154630563,0.3820086954515751,-2.2501913232734108,1.0053837689288432,-1.6908906413983114,0.5923840610531441,1.5557447664654827,0.7269582232153231,0.2322692681290017
obs_025,0.011669690828801205,0.10559748981548378,-0.6403634449379721,1.525049969766525,-0.8820946729752703,0.6759018834186177,-0.9227072463943178,-0.8962064283933752,-0.3258878343132895,0.01605295967698024
obs_026,0.9438401746621023,-0.05168681442961337,-0.31230822753033993,1.2251005728039592,0.0029232405932619887,2.5747564428881806,-1.1540664801793012,-1.1442645869664054,0.10984170032174884,-0.4801986385101541
obs_027,-0.39267867349829755,-0.07553597107767113,0.018467449178135087,-0.6482556412938864,-0.1434226907668941,-2.7721849089759902,-0.5923823014818866,0.14332067903393603,0.460039532867145,1.48532751831088
obs_028,-0.3281635012798016,0.28205043722049256,0.3165231937781908,-2.219484077278564,0.24221100977434795,-3.334812813772861,0.3244386915261659,0.6907680599660958,0.2112238326465909,0.8655618797892232
obs_029,-0.5162649098242859,0.32123437230844004,0.48288316363471784,-0.22140729452458424,0.032364336078556544,1.6322397417118961,0.903381216695464,0.19267078470864202,0.7764380327376363,-0.6573508486945087
obs_030,0.2480803536850234,-0.052970166962475584,-0.6769422469334285,1.3945854647135525,-0.3101143613621504,0.14316222839302079,-0.20897736393174088,-0.8487900372511794,0.25784101187842967,0.057816555605600506
obs_031,2.208236866856299,0.17603423210584768,-0.4247976844194401,1.537751145281916,-0.9580832266944459,-4.813870075774799,-2.324806536754894,-2.1133787724599777,-2.038640037845306,2.526013355268032
obs_032,0.4940699164872312,-0.2714765483091923,-0.6301313204002514,-1.5880197986317985,-0.518275333342237,-3.378425415860227,-0.8922209985321468,1.3111615148779514,-0.8491536354557021,3.1365446045793677
obs_033,-0.08187041683141155,-1.330475284858716,0.3966185613708804,-2.1241762818436367,-0.04570434689971295,0.09589238272374112,-0.8939596930798877,1.7585506198222411,-0.6205796840773576,2.021555748670546
obs_034,0.21832468008187705,1.645471591941544,0.20098963909976894,-0.34196789656627347,0.8555843853541752,-1.6282196342226303,1.0581616327243817,1.1071098801796444,1.3429700871565626,-1.1615896483678734
obs_035,1.2193555868416046,-0.9725613722097987,-1.3435875608472223,0.7768571210154444,-0.7297115033896937,-2.0608615423958376,-1.7912240765517549,-0.39019003954447024,-0.4295007052243346,2.311911712052546
obs_036,1.5557608371574452,-1.1518965994642754,-1.189600020322342,1.3093941050815863,-2.1975377792066353,0.8877530404879482,-3.374363262415051,-2.0723594916331733,-2.860213408557915,1.991115101315867
obs_037,1.020403208295814,0.20846212399707675,-0.2918507200941374,1.875141348322204,-0.5947547677619924,-3.9119441294388517,-1.060114512138246,-0.7233500828396873,-1.5687815585997753,0.6131193420914198
obs_038,-0.11981209140838839,-0.08273250458909237,-0.5471161786353458,0.47261380381194434,-0.380180151403268,0.7081440303515893,-0.8974381042649753,-0.1257337301713672,-1.3649480367725522,1.4120221246610183
obs_039,-1.4237418664045887,0.6214214877255823,0.849261228508882,-1.4502420002102512,1.6992869769676584,1.8355707884872254,2.4535085921618482,0.08549512572887819,2.1915104771734617,-2.7574523278498373
obs_040,-1.3547538831369836,-0.6544292163494745,0.6273560861745888,-1.7548148823735017,0.9420799030929827,-0.7433269179495393,0.6383057514254639,1.7561221959888784,1.2060667607591158,0.695487780619592
obs_041,-0.5307403908129005,0.33266546215412524,0.4817155209952457,1.2245660626780008,-0.4933592208290464,5.3626109324628,0.9632374292216195,-1.4388294454098318,1.517130395353612,-3.050133202044707
obs_042,1.5661252000599901,0.45766494225691834,-1.4692363171089904,3.570375390738371,-1.2127870525591224,0.62118461223997,-2.079203296104221,-2.9655753362479076,-1.5340214846161353,0.5109282072774077
obs_043,0.21849776895350423,1.3103279173881714,-0.9373749134426212,-0.09762511616287017,0.26849483341097263,-4.800615558812142,-0.5681494190896162,0.9386724543677043,0.22175227361962135,2.0099793502367
obs_044,0.2762473101295525,1.583752157768908,-0.23052729923118231,1.3454374673869558,-0.3799524361430105,-1.5711250277174544,0.009693205795891474,-1.4664496772927986,0.19954044157957038,0.21246291777343934
obs_045,-0.40748097278313145,-1.8531575519917647,0.29687312648504116,-2.352885362897357,0.10136532073566196,-0.11432701654840431,1.0365003923686467,1.3750728128209482,0.296334196584333,0.20048368752202012
obs_046,-1.8129119644204956,1.5933338374054604,1.1568720140329112,1.3065199068788438,0.8174373402914933,9.011597463381205,3.9057873335498887,-0.9087408262451265,4.246418339148406,-8.161911454736167
obs_047,1.6050685315534745,-1.3096748104809872,-1.0883364378487472,-0.5948151739543611,-1.7662384013308658,-3.724855654554457,-2.7822620004700873,0.5063987694767802,-3.0417802431414964,5.30048418485279
obs_048,0.02250093076129836,1.1743035175268912,-0.8110529294306915,-0.17859587953049427,0.744559769838835,-3.6486170442500074,0.5822785152038725,0.9631586055677203,-0.09252359896424961,1.6209922475688638
obs_049,-0.9930391441003761,0.18886563085022828,0.7879345711520602,-0.4161040409342117,1.186586338251939,0.8748246006864573,1.8659245455640452,1.1775822923581392,1.6689302592385125,-1.543278200542373
obs_050,1.1407615077628235,0.6529057141355648,-1.098944048206603,0.6952053539955161,-0.5508649186777547,-4.711038002171099,-1.3435182565313633,-2.220928152228651,-1.533081246194586,2.4401264407389256
obs_051,-0.9769657083778408,-1.4597937448038254,-0.30366937856656945,-1.1737294425085318,-0.10188724884127673,2.3793764167012403,0.6626403362350788,1.9306818495389666,-0.6405932641268168,0.5211084027349904
obs_052,-0.6595019379872956,1.0403915858357653,0.42516586892103714,-0.2772924497643444,1.559138651663797,0.4204873763015987,2.386718496306021,0.1836051093847595,2.179102417582282,-1.8834177982427023
obs_053,0.8795077572394034,-0.16577285942388387,-0.7894599183100391,-0.6832411457545924,0.3002428719165544,-4.907367294141366,-1.5105474243675583,0.15805060246519587,-1.8011254646142976,2.3285220354382745
obs_054,1.2241621741344977,-0.3847934946416474,-0.6755713213070073,2.508317978334504,-2.3510168884691525,4.947584560156402,-0.9634918634773197,-3.3888387459717344,-1.3221068368674438,-6.671176404948742e-05
obs_055,-0.9945657883892529,0.16883816908704166,0.7424249968100423,-2.1016948160375493,1.7287291889899028,-0.38124571260648044,1.8274577690257954,1.2563286432751632,1.2489359893777592,-0.6796877278428378
obs_056,-0.06875296100065881,0.5263824682173801,-0.32663553567213466,-0.2779257166341409,0.024564351869288376,-2.0439241205705687,0.21701324038696915,-0.5525313720497793,0.37034905377408084,-0.276920875887847
obs_057,0.6789772610021139,0.6778678078619589,0.06538412058326037,1.8240492802892134,-0.6078519865297983,-1.714921772798854,-1.3889196530748715,-1.3349155762571157,0.49452794142317225,0.33579310918579325
obs_058,-1.1025838326657678,-1.2123624839992166,0.8308196658915067,-3.8384534862530604,0.03024748317194459,0.6230818200894072,-0.017978022538387706,2.9015435905343643,-0.34688576132230925,0.3965169930508954
obs_059,-0.44653710812819913,-1.3783788900645302,-0.14907523817170987,0.0892350164931058,-0.43396940519264005,1.1618320415512173,0.22443000288215614,-0.21700335075490274,-1.0708344664993155,0.31949804005549365
obs_060,0.6967965166636285,0.7010694922082874,0.272923586452702,1.7066914625208955,0.27579633966973405,1.7874819337187584,0.39011726358179766,-2.396619272617164,0.11376741349266822,-1.2427575628773637
obs_061,-0.48379544205297015,-0.7118554624352338,0.35297942173807717,0.5707436936073412,0.025377469845666578,5.5714713296256075,-0.6065120788115734,-0.8715714749322306,0.5256977580495015,-1.7225615716127265
obs_062,0.8000301642890709,0.4291005039445949,-1.1031181021637497,1.6884976286446756,-1.6460919083949506,-3.866278148075872,-1.859254319186105,-1.1397641730565264,-1.0152346149985596,1.943862231710842
obs_063,-0.752168448844019,1.0652744311418163,0.36618750050902005,1.1935735332755661,0.3284767914595069,4.804748423141813,1.6686114705699013,-1.2051902245535226,2.7991105999192594,-5.667102351346413
obs_064,-0.8859856571383229,1.4127850776070128,0.8730653645288138,-0.8904258176994283,1.2839642270074587,-1.6864563240419221,2.3851144752148583,1.2164700825651362,1.337240622566981,-2.281806048810476
obs_065,-0.23099602298092226,0.44457942113287807,0.6623754865821971,-1.8770615420020262,1.2097502556487432,-2.4898299416471263,0.25494599155347364,1.6969886995642878,0.5122279812444547,-0.4591103536756985
obs_066,-0.5410208552487323,-0.922084326547284,-0.11933822991764564,-0.39118363622370617,-0.0630997546450709,0.6166507078687903,-0.1625519175801075,0.15513791739544003,0.3294982083139418,-0.08856309751526675
obs_067,0.2536999674754944,0.0750845801197253,0.4253948025068794,1.2424270279993646,-1.018239346989275,4.759938895850382,-0.09324093367962077,-1.4048584807072926,-0.014724504448177356,-1.7899331952747444
obs_068,-0.3789546685391944,0.4005409226038526,0.15764910431461465,-2.7126255855147225,1.0964082552539332,-5.654612840626562,1.7010096708090305,1.5325944496803883,0.11569029725892502,1.9301976056094918
obs_069,0.5223758979839425,-0.1653391231921172,-0.04327513912110059,-0.728316414440106,0.02374807233683797,-3.7036443276550486,-1.8675447877809956,1.5894618913654512,-1.0548855607120216,3.369209055627215
obs_070,0.8563548556689609,-0.7915589738695902,-0.8099356041193164,2.2556253330704448,-1.7714306023675874,0.84318236170452,-2.822860324665426,-1.469629991477356,-1.7482043851501896,1.4297480897999233
obs_071,-0.8495760203885581,-0.8479270848399115,-0.9567506305553392,-0.8787946990395918,-0.7857506835020143,0.5319312082237437,-0.579345812883084,1.3275665422402678,-0.7849837847055895,0.9356387370516821
obs_072,-0.9492204369743614,1.2292873788528196,0.8597910690092173,-0.04336985619097668,0.9168281031797563,1.739049390750506,1.9812114608973284,-0.7470053197156493,2.1976773019817184,-3.054769910334212
obs_073,0.7747735133907729,-0.8105507494846681,-0.033913385196645336,-0.3853308184438843,0.6482444395267617,-1.5150310584266913,-0.11621099507689422,0.8713593526365241,-0.2974177744525486,0.9089262613770728
obs_074,0.8195087925267937,-1.1301060811711945,-0.5636629028172786,1.0834164337879142,-1.2865989719121098,-1.3670966012690107,-1.2172588432117801,-0.6163226748376167,-1.7775639375123875,1.7440902521886794
obs_075,-3.0005160960578414,-1.0144716276969785,1.3736568070695194,-1.784954491406538,1.7761076443015837,7.172849385241449,3.0305383725102866,1.9171360818148633,2.955862372826692,-4.489166140606767
obs_076,0.1348535269111822,0.4381970214176941,-0.7611204695647373,-0.5528535904178047,-0.00933106785586596,-4.680953152908851,-0.15835352925785506,1.281742748633072,-0.8066582889747361,1.4294605011611352
obs_077,-1.301981502834137,-1.178115152674324,0.46277652571425476,-2.7537977359480843,0.5735407177845335,2.179073039289992,0.20043540886659753,1.524324197949074,0.5188888014056858,0.06787393638067732
obs_078,0.6578936565351734,0.6169285255828679,-0.25555020496190334,0.4308016221919429,-0.24055079778016508,-6.2502444645229565,-0.64422794050719,-0.515164000773755,-0.201593428207671,1.3170592999811934
obs_079,1.3225250624334555,-0.5385435067763744,-0.894477984587577,1.4743677613016688,-0.4089090922315999,-2.5223492162460572,-1.7756334061145798,-0.7855162681315989,-1.3076171794055393,2.1481794650403105
obs_080,0.25160204888890647,1.384276511392886,-0.2184007752981259,-0.9063888841158054,0.5379700329858625,-4.858206897739411,-0.18672989053457234,0.2667050649919828,-0.1094651870018753,1.0324628436202334
obs_081,-1.91854253435285,2.4020914579156467,1.4484155573448398,-3.443846327790695,3.497642590185748,-3.2909457694245186,3.3766620527650555,2.593494907005645,2.9028312711965416,-2.166116887157551
obs_082,-3.041662631194085,-2.1494501396836627,1.2660798287944748,-4.771220459325516,2.453182952335274,5.585899307792508,3.0765422628801065,4.482252027029583,1.3407690404879102,-2.0263340237507994
obs_083,-0.7587793637880942,-0.8735278153654746,-0.2431645731150264,-2.2497022804834352,-0.1121604778861025,-2.254874079614869,-0.8094647664103085,1.7793377630325553,-1.0304309425912552,3.1031829019770987
obs_084,1.3129563657683816,0.026932563100199574,-1.3505435380234854,4.182240300860879,-1.5614811917971148,2.076448417811018,-2.3042198839110517,-2.747258025662028,-1.6162413579751551,0.5619480123591186
obs_085,0.4193444378052898,0.6166399588850131,-0.8924621408047508,0.785716992285663,0.28323076515883167,1.8819542583428621,0.9567279965677885,-1.5549575723741467,0.8551141079150568,-1.2765871110017297
obs_086,0.39381903151117603,-0.3562673092464373,-0.6629958041939525,0.6586663121428511,-1.9756038570665209,-2.445731655688258,-2.0350967325844094,-0.7147775751826213,-2.0539973811158427,2.534690419705303
obs_087,-0.11768442091485234,0.7233137519207182,-0.019713804003648264,-0.4140637576761172,0.524207610715462,-2.093688521807452,0.6785822116354929,0.23307968225171588,0.44278428355732236,0.19228156752420297
obs_088,-1.4080986003786218,-0.4738519121554842,0.6211746889821026,0.027187587587009975,0.7488110051299981,2.2514307172441583,1.5876279313761463,0.37135388268670005,1.571227050910661,-2.504768707713738
obs_089,-0.7459858729000771,0.36479949660076416,0.46636984665721876,0.7833898970657532,-0.5182505860719454,1.0559274119205164,0.3412477221824036,0.20250385585118974,-0.25339538384189975,-0.5691260845231023
obs_090,-0.18927472540416723,0.15897270833462118,-0.17630326326026335,-1.1215050268142857,1.009096427805544,-1.2682053663612234,0.7215885697364619,0.9452589725794378,0.9949745955175197,-0.18633130119112162
obs_091,-0.7246798717217936,0.5091985793913063,0.9630903541905234,1.5261976327337257,-0.33707631078624595,6.044860628965652,1.7355387365140165,-2.1277171608779235,2.0480703352245726,-4.918160786069072
obs_092,-0.09638446951705276,-1.460132736179455,-0.4832489528883455,-0.9316710317415595,-0.6314874493868433,-0.8945844155057647,-1.6953626994714897,1.2958942194764664,-1.6893616083889333,2.4448589335738626
obs_093,0.5583031167034764,1.2962996613300113,0.5850241363047504,1.5251704354071527,0.7164423757957343,-2.123611321398608,0.8428767512213046,-0.5318274238452045,0.9299151682365527,-1.223695943694415
obs_094,0.7215888698208937,1.0135583982293865,-0.263145188904504,1.3471112796250262,-0.3696444806051355,-0.38458799127566,0.9240045143317841,-0.6796998422765993,1.5124664148905644,-2.5873324257367156
obs_095,-0.10873792702043666,0.5797016917187194,0.039570753797126657,-0.9023910508472966,-0.2580930200553564,-0.46078083107802253,0.05074545843393419,0.8433247222330481,-0.31007680564794243,0.23259313106894136
obs_096,0.45385155186639825,-0.1658576071864509,-0.4992290334711631,-1.118078396851786,0.014908842520224216,-1.4286512980947523,-0.6604180229758533,0.39526053174037806,-0.28298889888897916,0.05971598903185721
obs_097,-0.4526217859907158,3.2537052603633363,0.7302031017970381,0.7415011534547767,2.032145649078051,-3.2776771869585954,2.527674905744033,-0.4189318693745587,2.4251629453242303,-2.951921276222932
obs_098,-0.6312646379947052,-0.006908501329059152,0.38902257939737306,-1.8220134299367667,0.7485998298732486,-0.9456082435924102,0.010262949357161932,0.9285289777433167,0.028436616338733012,-0.6411390390755598
obs_099,0.6339271086512179,-0.6092295807975172,-1.6506634134074827,0.7664361852945577,-1.5797279662827728,-2.659287295301056,-2.7282546945545025,-0.7262587529691238,-2.150862239946558,4.022115590361228
obs_100,0.86394229552986,-1.3422290673309532,-1.3491543657187495,3.721598240077225,-3.2728842527090594,4.050967040250515,-2.752413502743037,-3.125229789255851,-2.442085504132261,0.7705874646714812
obs_101,-0.257046648061483,0.8927601720862279,-0.6023310831376969,-0.7541031869281383,0.1669356211975505,-3.450724929041955,-0.1361869748165039,-0.4122562883012118,-0.21051211705080178,1.1895792603069126
obs_102,-1.270316212796201,0.07484469647902596,0.13050279651125807,-1.9345976397027949,1.4810801565273422,1.502579759235458,2.2069902829679684,0.8753866988599117,1.499253694992721,-2.2754708916650226
obs_103,-0.2839190760607581,0.008239310743327455,0.34272565664050636,1.6734737092475327,-0.28198741939747035,5.95241729199405,1.3214348967910874,-1.4426076519669044,1.4522699749075691,-3.7270041722783604
obs_104,-0.00797541587927815,-0.48740807622031856,0.1273603025796802,2.7022036523989454,-1.3253441545347233,5.967524405430577,-0.660405491877557,-1.565099795420702,1.1581879204187029,-2.4444016892630174
obs_105,0.12436818516157765,0.3764969425523744,0.0099667474842342,-0.21472204367551218,0.05172813053950187,-1.9626211421388624,0.36015538562462246,-0.18151921545102948,-0.09052820495749506,-0.4028778263589128
obs_106,1.1790050034652446,-0.8265133472241574,-0.6146105363211859,2.2438296795089934,-1.8740361414518538,2.304266921929789,-1.9267282747428474,-1.6004101406215157,-1.931386418294536,2.0960120051856634
obs_107,-1.3742735480899724,-0.47188621876348386,0.941960904293435,-1.359860361221751,0.5884405238446003,2.825267623001456,1.5601278398608394,0.7298698306907784,1.884691482991336,-1.6905714179867655
obs_108,0.154071653660673,2.5506952480027243,0.21365582063136326,3.3312871131626434,0.48604543395109123,1.701815755801652,0.8947551927970375,-2.852731391221713,1.7215349249638225,-3.2622847285693846
obs_109,1.0256087764556017,-0.338835338328101,-0.6510948802994232,0.8910959918268807,-1.5628606366961968,-3.058769158265605,-1.3542389377727866,-1.7901915611199317,-1.4000848724658848,2.0458934223355896
obs_110,0.855136617803357,0.8166925117029581,0.31184618669148484,2.2442327792465266,-0.14916138462432055,2.830756825125714,0.508612560153129,-1.4829347022127588,0.7397573130125585,-2.7606061209934443
obs_111,0.3361269481398674,1.227834680052191,0.7892106754827055,-1.2406324113084564,0.313593008478956,-4.738127505497691,0.7462601201118304,1.0076549574726952,0.2972896277293119,0.48805935281413637
obs_112,-0.5566270886754376,-1.4364929411063114,0.8736243727932047,-0.7773050742129197,0.6802845388768021,1.3861468456319552,0.20621264629403058,0.7762130845703621,-0.13095447272066302,-0.21420104488767658
obs_113,1.2841575764572495,-0.42223138490401446,-1.2173233255426017,2.3703925280600626,-2.8153888349426897,-0.8942322557919213,-3.0940539133046965,-1.877428029950287,-2.9398630376528523,3.5989199798457583
obs_114,-0.9337383544352843,-1.7923124574370992,-0.3790764140653148,-1.1713064847943673,0.11791033564109236,3.1550291046988352,0.2901399869420419,0.8174071829793375,-0.668452686209484,-1.099651300302388
obs_115,-0.3846088181673236,-0.8037747937245958,-0.4152161381286027,-3.1835203363200075,1.0108828247111004,-3.5120746265958758,-0.5222869086831596,2.3791731022988785,-1.3391753469014351,3.564164059131613
obs_116,-1.7649489367477482,0.3561978632036893,1.1498722307545162,-3.3132879393484655,2.4180711679998685,-0.5429465243053361,2.7622610267061196,2.6317217558812884,1.0929513296246853,-0.4284926353914664
obs_117,0.6030796796695659,-1.531195517821312,-0.6305346449644855,1.5435569139801129,-1.3375875190122886,2.4101647275725844,-0.5886531024345844,-1.4655525967307053,-1.2275218736221118,0.30886530422778247
obs_118,0.3229714833022181,0.19734589630338784,0.36428661631536163,1.497621902478397,-0.27805997287689477,2.8084278754514624,0.07891286756749327,-1.1011600413327172,0.42381477861517525,-1.2611708126746861
obs_119,1.023333975724209,-0.16945731723809437,-0.8607588736614009,1.0778988979263646,-1.007375199445162,-0.6427433046137194,-0.3933195280533508,-1.072854666345984,-0.9550254410193625,1.7490377484538797
obs_120,-0.6263052552451912,0.20486363007500696,0.20348425600789316,-0.9224962692752214,-0.01218520764389791,1.870773665887749,0.5149362528740781,1.1499888510037115,0.40747531687327876,0.022410986967799862
obs_121,-0.8274770056965041,-1.575486151900965,1.3448422737333883,-2.2923525428643368,0.0012463964703608443,0.1850540374919719,-0.5694276665807133,2.273229193840631,-0.7343009050521255,1.5374720260388668
obs_122,0.238643160934372,-0.28552154657672113,-0.6617683892899235,-1.215282644906699,-0.29312360276136645,-1.8626148952379502,-0.9146934125712275,0.27419546957790325,-0.9490662462574413,2.064542698313644
obs_123,-0.3106404317416087,-1.438666313123366,0.5607596671382716,0.8279430252298472,-0.4929204796400868,4.753131819688198,0.7255690649103321,-1.2060214265273617,-0.5294097472531,-1.076105673619277
obs_124,-0.8154427633441885,-0.4893576684186931,0.2875761043069732,0.033781228073357705,0.3400600151801643,3.803287821151179,1.1143262577121007,-0.21608864415838708,1.3201667987759147,-2.6128238623462403
obs_125,2.546688823444118,1.9880890186592353,-1.4410447000014273,4.568561732291838,-2.014161051514581,0.7941376993506631,-0.5280849998972021,-4.0974790469783615,1.1527524174843096,-2.0513578059512185
obs_126,1.2253862865223062,-0.48316283068442645,-0.877620681005935,2.785838678506119,-1.3988361068537947,2.23597691947658,-1.1094761385000689,-2.240702484561344,-0.6229887377333589,-1.1829188682362697
obs_127,1.8969217924607547,0.5125892351789063,-1.1961788235164723,4.0339716539669555,-1.7565780186936648,-1.630121003591245,-2.5665752700969007,-2.8634351744365523,-1.557946201029748,1.335683087629223
obs_128,0.14938590469726426,-0.46884781419955596,0.3639791466136136,-1.5890871717283535,-0.20742272933931016,-3.38529666098074,-0.8497448989571731,1.7671206821566485,-1.5565281692832735,2.6560395117327733
obs_129,0.48278022904346907,1.080980364748869,-0.057835411917109496,1.1503727001836983,-0.2584802403085723,-1.1655803546488854,0.5787876129161159,-0.8760121211609149,1.6158188345950637,-1.079820029762055
obs_130,-0.5970753759485824,-0.23732050936352625,-0.20020559892190187,-2.800171313902242,1.2000299431995567,-6.002129815633824,0.6632682796571191,2.7475213314881763,-0.33883772478783847,2.2263005957875577
obs_131,0.09912351189106999,-0.11644305364471608,-0.2187271601891222,0.5909380618199395,0.5812282414466282,1.7709755357195356,0.2483281119381091,-0.4556656242375639,0.935192769684417,-1.3379094593058392
obs_132,-0.4592372636214865,-0.3244182223256355,0.34852510413275173,-0.1907186939376465,0.07880408456777227,2.356108993802831,0.20069451968171834,-0.5313449132328197,0.6763783380338828,-0.9886872828002791
obs_133,-1.1530540012521115,-0.6280958079308201,0.08285274732893583,-1.197906787719326,0.41945211686641853,-0.9736249908268984,0.11086322120296707,0.8005051144420295,-1.0783976744780457,0.9289201474643646
obs_134,0.6166151453214188,-0.9602142006317615,-0.025089797411686876,1.6137355099073747,-0.9351702217411604,0.9901908258620455,-1.3501918062722567,-0.2861495423719913,-0.8191332986244544,-0.8967400583889156
obs_135,0.215157259144529,-0.7877859020919027,0.5147679282581956,-0.7123390004089128,0.09493769540413945,1.0227404554199284,0.0293119245481282,1.5314728956758172,0.016882999574501956,-0.062149265654890984
obs_136,0.8478126095968888,1.0225174644654922,-0.12206952798952198,-1.682555265799935,0.6722080597242015,-8.025610577084825,-0.1322638156045015,0.9454834125915779,-1.7656955640358565,4.348756025661472
obs_137,-0.8338403905584539,-1.5143847618797064,-1.048475703311312,-3.886575705846081,0.8054904307353764,-4.37976445165989,0.19883676154948138,2.9364441881347125,-0.7455895610354782,3.948532110914493
obs_138,-0.27541325951417966,-0.7833471924109867,0.8292693896867847,-1.1755899043356783,0.3900221862657659,1.838628418375659,0.04813211502030003,1.0812171183150037,0.8905163825080368,-0.09108870495564722
obs_139,0.3068352584653432,-0.5617461233214208,0.38331460832003617,1.3829285189006741,-2.072627740465382,5.409768100527808,-1.5161251710739039,-0.5840012401123706,-0.2480403263270079,-0.7965272622565256
obs_140,0.4935393155401764,-0.4286818577080704,-0.44539297832218416,0.9935529387099056,-0.9820252581351432,-1.8643874542049073,-0.015668922369432403,-0.4731251847654082,-0.5774309106025048,1.7683971405955183
obs_141,0.7963077270134349,-0.27007876653813745,-1.139726642634649,-1.6697786677165602,0.4284344687531724,-5.140138669123281,-0.9516525832989642,0.9956270522835565,-0.630457691983874,3.536497257042676
obs_142,-0.28042756335966695,2.2126122910403003,0.6578548383411579,1.0745765385800357,0.9546868683141854,0.17134505500437303,2.585007413192123,-0.5575326549979455,3.207077524331673,-3.5773908941658594
obs_143,1.4124066781335807,-1.1836191946262242,-0.7203368799110804,1.1921797495036048,-0.33797138734059007,1.0904066491478042,-1.2158973814756604,-1.0112142231184271,-1.8547785779665285,1.885778758441694
obs_144,0.5899345825400335,-1.6405868469370928,-0.9331249120726702,1.0376189164307763,-2.0224054884919487,-1.6178478607465143,-2.555954717489444,-0.6973928608037234,-2.704037606202798,3.6202487147463454
obs_145,0.39619856548506377,0.9695962734909965,-0.9481107018377939,-0.22422920330472934,0.3006230229340262,-4.123570556397227,-1.0924201849766848,0.3147087234281956,-0.07252778279735339,1.5562952869620903
obs_146,-1.3008141309838845,0.5492516576318756,-0.35232055189816913,-1.0737388655133355,0.5060600501394826,-1.6728587923144809,0.6174303230416948,0.910434563161723,0.3239232560192109,0.12054656798623203
obs_147,-0.7422747541976098,-0.5755438857819788,0.4225448449715577,-0.7368840364907299,-0.41294668829279263,2.9227867494082385,0.33788908688618113,0.17654412781487713,-0.7391928523451811,-1.1487172692917094
obs_148,0.2769649737391313,-0.9165319517501836,-1.3238454400565793,-0.8119895583230591,-0.9783124280194342,0.13568842704807282,-2.5230606445311903,-0.15535066930760041,-2.0389466921509114,2.2965568092299633
obs_149,-1.8334351478949826,-0.03614818359687244,1.333787732731753,-1.6133307487608486,1.28348232602634,1.7822834082105052,2.453306152746214,0.9412951454837564,1.4007083924322523,-0.9817123331071993
obs_150,-1.542416905099183,-1.1554786436102964,0.03839382326686791,-1.4991953591613822,0.004754204332034093,3.4224705809561677,-0.19385627283398707,1.2699911708361955,0.4114173381123347,-0.41901792127767046
obs_151,0.7343440350685018,0.3301311269294626,-0.6372369125177001,3.459988061915184,-0.9226851435724557,5.702465616686629,-0.5461936755296334,-2.732554072210216,0.5101968269025527,-2.026062031353776
obs_152,0.7352123749876506,-0.6754225704895406,-0.3723547141630198,1.7141430069457884,-1.7242105431581245,1.901250217017828,-1.1153959671415192,-1.926098153651441,-1.892064088985118,-0.30920149681111647
obs_153,-0.48489269681191777,0.3192477436331941,0.017011645490716196,-0.23570500145775464,0.18341541803521355,-1.5681141747516503,0.4219332545611586,0.383374621224727,0.8845281988782661,-0.6192086309292913
obs_154,1.10974936785863,-0.1905738250106196,-0.9194651730991732,-0.3627328250362418,-1.2352186507554361,-7.7629974145606715,-3.2420968700636306,0.5547591579450577,-2.3731132734281943,5.4130000970276715
obs_155,0.15241886152934858,-2.1955304134653693,0.22268045165519945,-1.667447794650183,-0.36611292016379915,2.316099577313843,-0.6036562232071714,1.5713111939608975,-0.3306811006104775,1.1908553922233263
obs_156,1.3698417000520537,-0.8507309040223447,-0.34975298742569694,1.8517105281865787,-1.259641539133753,2.703752651338231,-1.7390254115424664,-2.6548539673441294,-1.5344032412134896,1.138255607137195
obs_157,0.2174516432634409,-0.21576195489020605,0.32759612620658407,-0.3817534633429809,0.4288015577443458,-0.45127114159889,0.26056270629413525,0.5895043373175626,-0.09711426499038295,0.8641278426104066
obs_158,-0.08246429600909988,-0.31085676075838053,-0.06645758260979578,0.9085054606614527,-0.8475097204507547,2.6507311632867174,-0.8030217070757764,0.044311509506091085,-0.44426662561842284,-0.6323446861058076
obs_159,-1.3616845534314008,-1.6538718399508983,0.3960832271438912,-4.022287259758832,1.0423773828320557,2.8168375147800337,-0.2023482039153927,2.387960214726572,-0.24162014658294306,1.1969680952096808
obs_160,-0.5602873553528516,0.7294410617728553,0.8721612186091142,-0.5314807605690605,1.1911674910364114,2.709080724390031,1.646569404848342,-0.13701322892394818,2.194202169715539,-2.676251468432555
obs_161,0.5152812621248462,0.34785133754015446,-0.26571208870574115,1.3701354145159566,-0.4073405458300515,0.6152647059658364,-0.30831820904666185,-0.033981154375492095,-0.6912221245692419,-0.33124769509904317
obs_162,-1.0281743095719453,0.7858994507550423,0.07902030445485392,-1.8531539303760893,1.2069861443424266,-2.862646126570595,0.09860262543240061,1.2066868373425954,1.3039725886136582,0.56118112523409
obs_163,-0.5294379647515449,0.19979156461277398,1.0797931472364846,0.8454019560952134,1.0500112960463408,2.9407933386458867,1.4270860919220008,0.05207653647158826,0.7172681116323396,-2.542043446018217
obs_164,0.5545058800587532,0.6744793610470969,0.8469837924613208,-0.4875278760507734,0.648355161092005,-0.49275717744814906,0.44261829477954,0.09264319035964957,1.177152420262758,-0.020177637123982683
obs_165,1.4515944421176235,0.04698700899931246,-1.2302328827562021,2.9530548564004944,-2.150592925308733,-0.4262922901657862,-2.7513070251141203,-1.7390869515378764,-2.229862141279378,2.6618913524050525
obs_166,-0.41876797029093615,-1.1167651613171288,-0.1865611231059084,-2.725959603379957,-1.1074234396827483,-3.5942644013296876,-1.4348878082447878,2.4299065683464907,-3.2599008629444164,5.473088379039028
obs_167,1.1498622012306732,1.6733516469904182,-0.7459901732649366,2.809925381668849,-0.5461746815889581,-2.175427421854916,-1.377327713146018,-2.224392179751841,-0.2385144581943236,-0.2563516263927864
obs_168,-2.1833559946878394,-2.2888318529121916,0.18252588291047295,-5.910379645878849,0.16300655801985287,-2.452860997972642,-0.5261447823186814,4.871718548429116,-1.8189762341210385,5.058973456754643
obs_169,0.168458077766023,-0.8540337716192018,0.29538384998515393,0.8576784384409155,-1.121199401365624,1.0615910417396197,-0.43945513639828937,-0.07267169138984952,-1.1672711355750889,0.6026397938761328
obs_170,-0.3803397549580698,-0.7588720608242912,0.05455031769511205,-2.348965043616515,1.117216120293767,-2.8899897257212945,-0.223724020221922,1.7915442687467986,-0.27190940864523777,2.0126356354582855
obs_171,-0.5021547499835587,-0.028825349459210284,0.10538380407994224,-1.208447564760589,1.3559764712815414,1.324085201265456,1.7528945363292556,0.4657723540447565,1.1086192151998469,-0.4115165847759892
obs_172,0.06955289868736808,-1.7423042361892191,0.14069190519852626,0.6459896898251866,-1.253001373906161,2.0356329399225697,-1.1844839569128425,-1.226602195651096,-1.1723284775038203,0.8233095242153246
obs_173,1.242979499260751,0.27147419243418186,-1.0239616283192539,3.1265441451600373,-1.992994122553213,0.6098603691607534,-1.7698011266726719,-3.069661672065985,-1.0106113144971842,-0.2579876218141337
obs_174,0.494529049606407,-0.5817102739546057,-0.321639002859415,1.6325090480441795,-1.3491717914654122,5.319064173741227,-0.1878999713816093,-1.0227643123921781,-1.2029168738425062,-0.7898658253710015
obs_175,-0.8149462219195498,0.3296807383510419,1.2875762597665004,-1.9593349415218249,1.096005439658519,1.0764179342320324,1.4647395495853983,1.293945433285752,2.437105787024279,-3.01432043537543
obs_176,-1.4724458069317348,0.5485713551610439,0.7627950653603869,-0.5029316002226331,2.0041042831742963,2.0440256480585637,2.4487031353867863,0.4071745266798105,2.392756825366449,-3.5930205015228096
obs_177,0.16954750837602248,-1.1116036095593973,0.2776278478935739,-0.9997084592061385,0.15184557588079195,-1.6773223074582204,-0.3487611046309067,0.006917453074237079,-0.6615481992755647,1.8454430874801062
obs_178,-0.9383581169761507,0.8422541678330439,0.49088378884323886,-3.031673823260169,1.636629012453183,-3.4750926831258075,1.4059856369951174,2.1788140415132395,1.3005565844209102,0.010980445577079334
obs_179,2.5675268518443928,0.36503931363553477,-2.287068078271849,3.834015922578702,-3.181739855997443,-2.035277049949142,-3.926060571213688,-3.1266243100480713,-2.264951312313772,2.7024675251395456
obs_180,-0.5826584296733928,-1.23649475590146,0.5101142657417274,-2.4909881511222265,0.18210255808170042,-4.1259569025488245,-1.2263348321308747,1.7246525946521765,-0.3186498743082963,3.9446043028167876
obs_181,-0.1699342742114338,0.27806416804063505,-0.465934481492578,-0.7465990126788541,0.29558400729667467,-0.49812341785183895,0.12191439494461753,-0.15908171046795516,-0.3877302332480329,0.9572977402290224
obs_182,0.7693178627923909,-1.1498616239177957,-1.1536666002022502,0.5921366351666049,-0.8082281095987638,0.10303144983008894,-1.3588748189219952,-0.3685570012932545,-1.224966363350954,2.08026549476446
obs_183,-0.4859308119574819,-0.9084697922222481,-0.030839570360101404,0.8505586852957274,-0.341401217068401,2.58084982282002,-0.4193499632339116,0.28895718943302867,0.7723249131733341,-1.0872744485773838
obs_184,-0.9995886577977913,1.1445849275684619,0.9788302483769165,-0.8110989938000182,1.6684539963123397,3.8562924416281597,3.0933038374483086,0.47730535393744133,3.001830808975659,-4.557522872441758
obs_185,1.376766732311551,0.29988161938348884,-0.2960075453874103,0.9973643321666945,-0.22754158965592491,-3.41000788468603,-0.8335505280981632,-0.45649608505476763,-1.0397687051342936,1.4897809556698487
obs_186,0.7975041502565021,-0.4626410648557535,-0.6330572857950277,-1.5897126157400754,0.34860894367937056,-3.4555629182394254,-0.759910532342101,0.9864142457586862,-1.0530628490783152,2.748229483780871
obs_187,0.2313487624813384,1.106233034397444,0.23756377448773153,0.543834626548091,-0.37251387766368316,-0.6494454367686286,0.8184742345513919,-1.4828237672255857,0.38224586808852146,-1.0643499563942838
obs_188,-0.4080424974972715,0.37853280081073726,0.0908414390416504,0.8474154779518561,0.1994079814525808,2.195936254402785,0.30120233350408454,-0.5122089077016099,1.4093072672774136,-2.0343232823778443
obs_189,-1.3427717353700046,0.10737869051928012,0.6937671669658061,-1.8981234379752523,0.9202058507105625,-0.40309985889840977,1.6398532431791395,1.9717101891942395,-0.007312306031834748,0.6830183962010732
obs_190,-0.9626118153646486,-0.010417594945688335,0.5951875139260168,-2.8057470576601595,0.98767932050952,-2.612077891459238,0.4060726028474708,2.013989992562029,0.2237342275918714,1.7363965811379747
obs_191,-0.09797150896336981,1.6828720189670299,0.29683275054628994,-0.4229956292366184,0.7231446331532201,-4.790229772080003,0.4953152169099141,0.39910775367373563,0.8483220013705848,0.8914792672645611
obs_192,-0.39922826070441725,1.4238093031126524,1.0136092145245588,1.5874586851988097,0.11404832298684014,4.352322442996517,1.5096646368389612,-1.0996738240628983,1.717726434911085,-4.160241295125832
obs_193,1.7334627928461561,0.3361609576334297,-1.8437250589018888,3.9612479072608133,-2.8480065444909473,-4.7200805732466975,-3.1429986150293314,-1.6067445514692476,-2.9659242680585245,4.282757542877247
obs_194,-0.2730312270184641,-1.3461905989424061,-0.8966141637094094,-0.9658151555292784,-0.9477487143825609,-1.3987863961908196,-2.1238051462528347,-0.11170682521081153,-1.9807645702920045,2.5452969615348646
obs_195,2.0513240642076878,0.8212785648663719,-0.747086239385077,4.839202956866666,-2.266144447663482,1.2982199004202482,-1.7934876405607727,-3.4633693663165217,-1.4289408152441438,-0.1329898117998079
obs_196,-1.057836270480181,1.892264427051153,0.6770474815039421,-0.19517206488819488,1.3825357966475156,-0.4349084329391458,2.8599691431996423,0.07791301973230075,2.151904521288388,-3.0527157741737163
obs_197,-0.9711992244812784,1.6181393531050081,1.1867190225092505,-0.008557514907232722,1.7543008259119346,-0.47117135203603183,3.2971660801683,-0.029273522593159913,2.404629787897289,-3.601029261195656
obs_198,-0.20927072438718444,0.9069588243312642,-0.10897970018344741,-2.3676616217940136,0.6082652918285592,-3.3317117932042835,0.399088649776015,1.9286496573245069,-0.9541165843782659,2.5009087226361664
obs_199,0.41046912044627215,1.8078990004516367,-0.7063524968216166,1.8968007149860573,-0.242565334167484,-1.0274429428984315,0.7854442422105581,-1.533505083881694,0.2584032231257696,-1.5881154439754206
obs_200,5.93141768543137,5.066472674092007,6.226357353580958,0.8722124370408284,-1.4048042259191846,1.6963126564495288,-1.8687935139255043,0.13206286775199794,-1.2079127987862008,0.32772900093204593
obs_201,6.719048439197735,5.719781460646132,5.813137391410675,-1.027291295535507,-0.38086131399241047,-0.9205351381347276,-0.22471551581284366,0.8573100114674086,-0.7471368765461318,2.3814619946525166
obs_202,6.028436829832552,8.01951740011808,5.817673906814331,0.8897401452521638,-0.6034355242213312,-1.4893014476048407,0.970186805959069,-1.3890072469293715,1.1295542809341368,-1.011125266074342
obs_203,6.404783022149675,5.42956343867229,5.495853040990689,1.0691027107481075,-1.3838123990652054,-0.2858571682239415,-1.0828368818264758,-1.4099457510217968,-0.6146735110681096,1.3710917724702074
obs_204,5.777301715477881,6.709200598160877,6.349422559225589,-2.311652029996793,1.5082312556651896,-3.8076568225288936,0.785200199863038,1.6706390200810564,0.45229015622720625,1.551640731896235
obs_205,4.850836770103899,6.560457887686392,6.53626187269769,-2.515666318542358,0.9341977434866363,-1.5403692656807038,1.357609313228945,2.750243670746309,0.9162280919701628,0.6096614412832068
obs_206,5.066184081830611,7.546209553121091,6.820621192951823,-0.6701417246454207,1.6939817732231126,-0.7211941570946716,1.8135067094722328,2.3024032930443803,2.365778980167516,-2.2355968493771545
obs_207,6.506959774546372,6.922390833839329,6.85724024347407,-0.38133892876081665,0.2423671990330793,-0.9739074250458928,-0.30530071658483476,0.2690822360317868,0.40466003971731096,-0.2913921829727101
obs_208,7.659395119154894,6.052113293395902,5.416618796075085,1.3628874037601912,-0.3565822252529026,-0.6482545069471314,-1.0549289472880965,-0.6315226862433092,-0.44731590762040563,-0.35279963454711594
obs_209,7.590159131992892,8.418983601414421,5.0940631044089075,3.8855748423787646,-1.5425879078839755,-2.9330161520120357,-1.0979881494652273,-3.8327125890644234,-1.0994542837194516,0.417097780872179
obs_210,4.800200509628542,7.757489063891778,6.638718850812199,1.3469455056468114,2.0188546589242637,5.701817214247535,3.4228752681167793,-0.9135953866332399,3.3486541264235345,-6.588018920122
obs_211,6.073512917054024,5.878644014253455,5.723026113881387,-2.916397436202722,1.0264398802259578,-5.0379787280796124,0.2333745400251864,2.399700296072078,-0.1366715871127946,3.2162233276376195
obs_212,6.977081433136562,4.662292394408529,5.117109287863355,0.02956422573056037,-1.2579618247113307,-1.0445503052823522,-1.8313861104077664,-0.2968939137984149,-1.9346579935519457,2.216027786504946
obs_213,7.5769254575745855,4.933949081341009,6.164486293913651,1.4314812879363847,-2.0341395214224613,0.6685191649359159,-2.2807286100897266,-0.9975390959165914,-1.332559619667546,1.9609874928225686
obs_214,7.121498426907569,6.654346285994088,5.124228115948819,3.654286061078816,-0.5443027163329361,3.450413023816086,-0.16207561207331084,-3.359998638064316,-0.04719376607698228,-2.1389432485910786
obs_215,5.845764887254274,7.2866947317787805,6.248206280445192,0.17169276472809453,0.7950991504740571,-2.542100693409381,0.7447422545368076,-0.5712190777158521,1.2925438671282734,-0.7476146035061408
obs_216,6.265423699008741,3.993732912429576,6.354086363998782,-0.8655631950083051,-0.06437810967521929,2.9111502260952276,-0.380103851602564,0.08537487019852624,-0.1447701263190585,0.9338924761146201
obs_217,4.622761849237872,7.392398548705815,7.133206991102595,-0.2625506639226687,1.9103613160451087,-0.48782461867414867,2.925521776984864,0.7014234581318873,2.000830941512598,-3.358265275383933
obs_218,6.359062798502376,7.426699336478162,6.63364617506961,1.5424373152996493,0.20929575756647886,0.2434639249910665,0.20716265678983953,-1.0017422901211432,0.34874113857719213,-1.798057842456511
obs_219,5.393966776096596,6.854537323659184,6.883954672084771,-0.06916079689358315,1.237728394014772,1.382202904868231,1.7394328956404053,0.44656001143117763,1.4503355792016146,-2.3480582034240456
obs_220,5.908112432998347,6.334043812011653,6.152850263044445,-2.410128857453327,0.9747521275984908,-5.654766480955286,1.0156651075222372,2.2042244578688592,0.28233176785297326,2.57455177785975
obs_221,6.394466389308698,8.6240131881706,5.710777276523978,0.5838003094206289,0.25674322305973457,-3.861168417319517,0.5837186750409049,-0.35737099067538436,0.9716831934122765,0.4884121175433002
obs_222,5.2823646349393325,6.115306459377649,6.611122430898655,-2.620941649625298,1.3248278401993834,-4.065179581291801,2.2140347061384613,1.9967470340253646,0.08291496356939254,0.5133086515574901
obs_223,4.3033140449439005,6.031107323714681,7.068589708192652,-4.4468264316482795,2.0675615711604403,-3.7268513251992403,1.3087965772242227,3.5555749760940802,0.46040631393254816,0.8294268255442119
obs_224,6.871718706086222,4.95475926076688,5.863964266654913,-0.7764376458106729,-0.6842196518175656,-2.12641531398007,-1.5270538478794344,0.6311811394461901,-1.788606647240712,3.4602876274144463
obs_225,3.8166010718302026,6.018277831600711,7.037497708037108,-0.9416624701552173,2.3414441294402493,3.72133858953385,2.879627156257259,0.6998316417780075,3.0324158624677278,-5.370188030488264
obs_226,5.448094642497957,4.936601155857103,5.981976256044564,-0.2193468651550034,-0.5880923975379296,2.5662998449764274,-0.9864942891071891,-0.3280798960315822,0.019704418555660352,-0.20877242611455785
obs_227,5.238863016442929,7.478469024773716,6.418635870702625,0.9537326050321496,1.105235095050962,1.6183845417788385,1.93729599758739,-0.2231036929013156,2.2797839650578595,-3.2857966634021385
obs_228,5.955575310681654,5.054892143622668,6.173959694410162,-1.2554394720051443,0.07323774733006516,0.22332378653128662,-1.2509669249059792,1.1129116679719846,0.02629171909496375,1.8303094798796495
obs_229,7.63467237142709,6.373917721476433,4.80890640077594,2.1703964921083183,-1.2127488928090333,1.5196967242740578,-1.2905521285803137,-2.3572318884799044,-0.17593456531997834,-1.3628958557173874
obs_230,5.824930794683135,5.713146871550798,5.500545049145629,0.4556003758920268,-0.7901708417020257,2.3728708613407656,-0.1464419072216993,0.1592739810816841,-0.1705871607310172,-0.26435056281114977
obs_231,6.438180580071257,5.778125465211584,5.883237578858294,-2.5116852135547267,0.9088334117122582,-6.93411183691112,-0.884508943577273,1.5741830621990585,-0.7539259324506864,3.993424571667277
obs_232,6.570882202943811,6.154995541081677,5.135562788088312,-2.176404179498606,0.4961533500983708,-7.481726692309929,-0.9646580334590613,2.732005788258825,-1.6141538751365674,4.105420312498627
obs_233,5.2058384336638035,6.196856540053078,6.750985529949734,-0.22705723831869418,1.0686109456826964,0.5707412280357447,0.5857076683166713,0.7290571207969004,1.4350916579539779,-2.2227799688503587
obs_234,5.740157375844052,4.831537404473535,6.174440452244121,-2.35220812359256,-0.3559120090386479,-0.6677752861161351,0.35694578426311646,0.8763732999711425,-0.6999445140519175,1.1360766924459487
obs_235,6.824089313519878,5.361560387740959,5.4817239718541835,-0.7809386755724729,-0.6808711015430768,-1.609836913742994,-1.7261962089831098,1.4246713068903718,-1.6019298234224624,2.393866683599585
obs_236,5.3443997699093,6.357123261589908,6.192868310629793,-0.5253247295403453,0.5462411035633056,0.5155014076110129,1.1591295617793442,0.595676179630945,0.693926311801636,-0.9197779323418889
obs_237,7.275501815595856,6.49619447847211,5.695801469948496,2.155729521495585,-0.22120896382282718,0.4311633478796826,-1.44895315744002,-1.1674147543671527,-1.7629746889551439,1.0131355330109435
obs_238,7.126521133094279,7.110233072027519,5.099460611557284,1.370591766912555,-0.37471808887639085,-4.438966052447887,-1.4982253570008246,-1.28960754536612,-0.8552540862479965,2.7047802716392177
obs_239,6.213548085365455,6.692046766405046,5.648232535164471,2.2032232003667147,-0.23930985977769392,-0.8039304884726054,-0.2510627080491973,-1.4588686971865723,-0.4626475885360963,-0.25986937682171546
obs_240,5.847183065002788,8.401537593449989,5.614735839342822,0.28975692111166557,1.5750996137660336,-3.297762186862161,1.930214067983305,-0.028544858935820983,1.6294110831718611,-2.841963021213341
obs_241,5.506771349463662,4.518894292222756,6.557160482412689,-2.325023563915023,-0.8101349163913154,-1.494522908334354,-1.1334912161277892,2.0983047994503496,-1.486599438068737,3.0903246534431466
obs_242,5.921728438330983,7.490285332764517,6.578974100647455,0.30068295064711215,0.6332091972987426,-1.7571202107793045,0.9833181992727297,-0.6361959755869617,0.9229313297877846,-1.7673824155501938
obs_243,5.186175611082083,5.108775287177047,6.507015432073684,-2.4613777852921785,1.3233499713891235,-2.1912878816451933,0.8976865305965266,1.5775924478582886,0.6399900139199376,0.4169388301664273
obs_244,6.164432348885432,5.126102281595962,5.257104681032173,0.5958117929537369,-0.5762643955495915,1.1935509127857051,-0.1903768855084632,-0.7966986650122136,-0.6681177760449014,-0.32778555645725743
obs_245,5.310717229756149,5.755288633885163,7.256368069078784,-0.9614929717644722,0.5061064305609999,2.915424543276861,0.9351291876780422,0.343526380301294,0.2643398663379187,-1.7762311621151294
obs_246,6.3102042111312855,3.382475321486912,4.791458223464977,-2.1659093900310036,-1.1440013538492617,-3.812753334907139,-3.3941534230325865,1.1892921700791104,-4.153223040344413,5.84814808289429
obs_247,7.980952555769699,7.659045893413551,4.750879675428414,4.0049774994826866,-2.0440303476832664,-2.7338978295403202,-1.1341575919450684,-2.1582130973924096,-0.6791459692409733,0.48435153143179166
obs_248,3.8892893991875943,4.012227386876425,6.768638675046765,-1.5923018927216113,0.11647575152107598,4.6910940162529675,1.0556041869690098,1.4879262920668594,0.9131708753057459,-1.229845284551214
obs_249,6.767766766914966,6.633578998627421,6.036597268796627,1.1702956645375324,0.5859004659107523,-0.8974630462586496,-0.34637340575445863,-1.0156444927668034,0.4875915341663833,0.3928425034135872
obs_250,5.910110807501371,7.323813677155979,5.574664506858165,0.827302436836188,-0.6456606835045844,-2.0228626477844465,-0.5206884988585027,-0.5530176799154951,-0.28509588012860576,1.243683178969675
obs_251,5.88811910177452,5.952522804435321,6.8507714221453195,1.3447442106423706,0.7415725644152313,8.294068140840736,1.7408416950141707,-0.8096772091686337,2.0980090873450434,-5.491593392822189
obs_252,4.162520724239641,5.972151682803144,7.46341268266937,-2.0715539549353905,1.895651176607367,-0.04208698259929988,1.421626845890322,1.5160083193686251,0.8617006063928315,-0.259745370703949
obs_253,5.0717527847845725,5.425616657977946,6.178782639870692,-0.9901646401220217,1.0495798700433208,4.379710600416473,2.1322809533395235,-0.3990308751439322,2.155625255821498,-2.403989868616625
obs_254,5.083119588140607,5.912015230691756,6.723584295296909,0.8045128332314635,-0.41182101220237616,3.1475998312047464,-0.16487215498597563,-0.555935627680036,1.2961451147695,-1.9611689822875462
obs_255,5.219320949317943,6.688245205789325,6.6330266996424605,-2.0430419374412345,1.6344966334589153,-4.192279317582161,0.9097473512028729,2.198034363768231,0.15429196852643162,1.6253135170721726
obs_256,3.2023348575299937,4.655312785278102,7.2164252931996025,-3.970564965953421,2.7459998601779145,2.547414508276764,2.812058345465539,3.671925467526491,1.7093798153742767,-1.4169513592216092
obs_257,5.811035027690503,5.598575903492134,6.356751911944912,0.7520248864841107,-0.7535252309325744,6.297168766048644,-0.24156782520372894,-0.8626693438655959,0.34764417837614514,-2.2552485314243826
obs_258,6.404147874767705,6.472264729141495,5.730273675390022,0.9481224112418803,0.5171348551734518,-1.9203229015467742,0.6527290659480498,-0.38453546379113085,0.536353646841834,-0.2144558794143398
obs_259,6.232483285891415,7.21022874130304,5.694798855606274,0.7031198146759166,-0.33912200691702227,-0.9367188741254275,0.37221326787338205,-1.5434580627238073,-0.20348624174888646,-0.6843273801612612
obs_260,6.09300422289575,4.329896047373239,6.700367911412102,-0.9181526068762773,-0.15704885849860462,2.6512673652472505,-0.033046820060653515,0.63301383920228,-0.1845666034008182,0.015487157663480633
obs_261,6.331591965143006,6.021349920493073,5.84256239590018,1.432785445156902,-0.6929816978146172,2.0642315931413844,0.4148245192520229,-0.6133383329630395,-0.28400349823104293,-0.7377051392595084
obs_262,6.216810124275699,6.388566723390175,6.165216303241346,0.13338031757870727,0.3227285491967431,-2.282190035492358,-0.20232189091454297,-0.44788488830206286,0.21032672262470584,-0.07843444893163487
obs_263,7.186593804881172,6.817661655588342,4.956260773215673,0.8708281933973693,0.1175456834711931,-2.8575010078007668,-0.5384277111505156,-1.1956070476945777,-0.5411605557459861,1.8115081476081132
obs_264,6.7633726162353085,8.07083904312874,6.074287309816689,1.5605768366099315,0.12177918500704424,-2.6159089550129804,0.8858249855902659,-1.1106026113108631,1.207233580011985,-1.9563849591492748
obs_265,5.124938987539842,6.286210395507065,6.7289496987847475,-1.4443090260826796,1.0070985780775086,3.706344268419539,0.868554283200042,1.2033893815139234,0.7831016427589674,-1.8792794254594152
obs_266,6.619316198335191,7.392240710998086,6.4900125257582895,2.267258957645162,-0.610087201760403,1.565144567248654,-0.2029656502400118,-1.8675369749079143,-0.3889176399561185,-0.682784409388299
obs_267,5.585355433842059,6.66396728862202,5.840650213985715,-1.5690859524265885,0.9795839901397835,-0.7975484207391355,0.015774240530825434,2.310515574017381,0.6205840346258306,0.5313458229522481
obs_268,5.974827552464413,6.377193274362389,6.173780577492189,1.250449554252422,-0.43398175246906234,4.021346854950226,1.7887770521850963,-1.396851887275429,1.7597473577386178,-3.570551583452605
obs_269,5.817283905112105,5.306335296421375,5.678688416910683,-1.4809112944212872,0.3974237650162063,-1.7150927792377182,-0.19619467964970183,1.1393894408005805,-0.08175324378477494,2.2080131450109572
obs_270,6.566040517402889,6.006820322741888,5.477759933579082,-0.1568290957493861,-0.5554766434696444,-1.1255938226288027,-0.9328300230444562,0.5913123156192936,-0.7658491403454672,0.7851156626008429
obs_271,5.554415539314423,6.0948335583669495,5.726368145869012,-0.846605170036223,-0.4679364604557741,-1.7700089777444434,-0.2721061471245496,0.28271133303371215,-0.41694017578821874,1.767889607198677
obs_272,6.144799365883091,5.921500427933492,6.568756863255777,-0.658834083688052,0.6950741415669517,0.10771968646103919,0.3017209150059609,1.5218068741551907,-0.12151992944526996,-0.004060334333806086
obs_273,5.466625443964325,4.606495313805795,5.90026243567728,-2.206033162382082,-0.072653701471515,-0.8312371880718208,-0.6745426355675825,1.3550089875939686,-1.7635121554386428,2.2950306905166955
obs_274,7.925400716334982,6.865351496522172,5.000252788257486,-0.2378747432251671,-1.6019875668067682,-7.559183843360547,-2.881076758076132,-0.16267140316754458,-2.809485084403423,5.12258553564566
obs_275,5.772189240383683,6.34184619832649,6.053572434310825,-0.08510837709955836,-0.3881114280368022,-0.01849235986775777,-0.427282385874668,0.10152008946698438,1.1221002180329096,0.4416847077353402
obs_276,8.643947803592031,4.685795087850293,3.607702397757275,2.8362492854777313,-2.947318798352591,-0.16291914838668578,-4.459612019871917,-2.868000557688038,-4.076105363903963,3.2595667859807627
obs_277,7.5568486488687325,5.685046400246711,4.801512680433262,3.0862274777477596,-1.8130630883769712,1.1039007338261346,-1.978798873642384,-2.5094271764139995,-1.3970720102707905,0.3005800122443541
obs_278,6.670835105154742,6.117853385573112,5.516397346354253,-0.4206817424082871,-0.673132032175505,-3.5447496938439427,-0.7517931590846805,0.5309486861310299,-1.0141189324963684,2.5800203201580545
obs_279,5.300291586433287,7.445722685981676,7.144338003294514,1.6805415369404066,0.9415608555394792,4.9903353711044485,2.4656414428122906,-0.7362436354789801,2.7958184565041675,-4.918710536216322
obs_280,5.8638306811789045,4.969576033423553,7.086081912757101,1.851563687973894,-1.4132058827817018,7.08844321424512,-0.871205973198722,-1.0705148933030764,-0.4948100446239966,-2.174078569345279
obs_281,5.113934945278352,5.422553268958361,5.4467836174791575,-0.18585218464869857,1.246610725259779,0.5006927675082966,-0.5194603907260273,0.6997580747992476,-0.20349389395353623,0.4013289168940022
obs_282,6.7108464087948745,7.024466075901233,5.848753671211915,5.226531426482958,-1.1107933746173966,6.004870664087542,0.5465935255098304,-4.4101691306063175,1.7060198116015988,-5.790562546415871
obs_283,6.627666366791674,6.684084316762193,5.718929290465626,2.280152271527505,-0.9048354337248075,1.1237035511536955,-0.2851433227444671,-1.4531836730781165,0.0591913127851143,-0.09925641492888654
obs_284,6.066359128150524,5.326435628847279,6.084662452569359,1.4830130856831212,-0.14474323794677801,2.0577716070350376,-0.5700313082210211,-0.8446090718677758,0.012740572736311774,-1.7695563229948048
obs_285,5.76736541501993,5.025652105682166,5.85750184487221,0.11062736278624896,0.9829823924799511,0.7320088969971414,0.2764004865765367,0.35322889418708114,1.0736691664648481,-0.8130685570753522
obs_286,4.86551694645677,7.536915642786431,6.3889292908500215,-2.6411033695507,1.435685570858105,-5.135991774132294,0.8968821582315363,1.997905530374163,1.3371659334157044,0.7366484617015869
obs_287,5.327518577295869,5.456584601958204,6.1019542130320366,-2.181973279041627,1.21894607808178,-3.931169477049526,-0.10571429629851159,1.9093052098870855,-0.23953597596420748,1.829836272592685
obs_288,5.638715730603106,7.300551834710223,6.193195422506859,-0.9497360961204802,1.9345797000052931,-3.285915215841343,1.5526216233960919,0.8435332974766423,2.0204495334419126,-1.038364528640369
obs_289,6.679433008470237,6.259235284647693,5.703999092672106,-0.3401145700305259,-0.44818492825235123,-1.7054364534201736,-0.39871510206408367,0.28316018720272507,-0.7209508471939137,1.0843849303946085
obs_290,6.249110280314937,5.857853197858977,5.414139221238675,0.34619235027081396,-0.7166156986605601,0.8838497481876204,-1.4021663356209069,-0.6452225405948457,-1.6503900006877397,1.5825204012476553
obs_291,7.5163869369020375,6.918233539096984,4.824477802652153,3.1365938486253504,-1.547483054320817,-6.680221228330969,-2.4367908747326967,-0.7967252098075701,-1.7736615288424007,3.0179165672715085
obs_292,6.430633284189094,5.703865646035432,5.325197543366799,0.03766388717972319,-0.1567244721066632,-1.2246697421426196,-0.7567098662148943,-0.1399113440787508,-0.44138249521716333,0.5789477954315425
obs_293,5.032398192712637,5.550713383956036,5.768923511772618,-0.06921982258890835,-0.6036328890092958,1.550055642873331,0.33639354177860326,1.2129718888481542,0.21148551440986463,-0.09722377116547112
obs_294,6.802637709669857,5.958099055909321,5.186289829985629,-0.8955633190190004,-0.7956926931561412,-5.542900739099353,-1.6965393597203964,0.4738543466013486,-1.942371209649965,3.435837710185648
obs_295,5.118344561119669,7.460534663812874,6.727132614370992,0.4251151342996109,0.8189130892410342,1.2468918105148703,1.403761182192339,-0.0537865445213969,1.7129431665851829,-2.9754416643704973
obs_296,6.084721606517024,5.223741094722403,4.386930173487759,-2.8597211697552383,0.26345809205834375,-9.333952776946127,-2.2893524358336554,2.6642504069217265,-2.559300137483741,5.96265600158591
obs_297,6.334327884396155,6.012219658056713,5.2510137047278835,-0.7462122778094965,-0.709923429416154,-0.5706572468008928,-1.1053377572462437,0.09285103131016437,-1.0210065037298375,0.7726066393738239
obs_298,5.845615744511094,7.939741907494941,6.358060554636402,-1.289864158256897,0.4476495955748636,-0.797697933803748,1.5656331032360993,0.41339043164652106,1.6544707691142162,-1.5311950334589663
obs_299,5.921388330940356,7.306655880896857,5.769459998940782,-0.5236652033623772,1.2695493012837575,-3.757333882419167,1.4588624437234419,0.1505756273723703,0.3756134199256196,-0.391087592745443
